dataset,model,accuracy,precision,recall,f1,rmse,count
medqa,TinyLlama/TinyLlama-1.1B-Chat-v1.0,0.15,0.012093623628637997,0.12714646464646465,0.021277501388935496,0.9794514766477127,20
medqa,microsoft/BioGPT-Large,0.05,0.026691729323308266,0.054329004329004324,0.03571428571428571,0.9688738582952797,20
pubmedqa,microsoft/BioGPT-Large,0.7,0.7,0.7,0.7,0.5477225575051661,20
pubmedqa,TinyLlama/TinyLlama-1.1B-Chat-v1.0,0.6,0.6,0.6,0.6,0.6324555320336759,20