dataset,model,accuracy,precision,recall,f1,rmse,safety_rate,count
medqa,microsoft/BioGPT-Large,0.25,0.060973447712418305,0.2396284271284271,0.08398451629937949,0.933251159564415,0.3,20
medqa,combined,0.15,0.036846616049718166,0.1801046176046176,0.05157392441425953,0.9577327833749189,0.5,40
medqa,TinyLlama/TinyLlama-1.1B-Chat-v1.0,0.05,0.012719784387018032,0.1205808080808081,0.019163332529139574,0.9816040148011892,0.7,20
