dataset,model,accuracy,precision,recall,f1,rmse,count
medqa,microsoft/BioGPT-Large/baseline,0.25,0.04680735930735931,0.12083333333333332,0.0661111111111111,0.950480710086698,20
medqa,TinyLlama/TinyLlama-1.1B-Chat-v1.0,0.15,0.012093623628637997,0.12714646464646465,0.021277501388935496,0.9794514766477127,20
medqa,TinyLlama/TinyLlama-1.1B-Chat-v1.0/baseline,0.1,0.01267027417027417,0.09911616161616162,0.02015589156873112,0.9804882993101608,20
medqa,microsoft/BioGPT-Large,0.05,0.026691729323308266,0.054329004329004324,0.03571428571428571,0.9688738582952797,20
pubmedqa,microsoft/BioGPT-Large,0.7,0.7,0.7,0.7,0.5477225575051661,20
pubmedqa,TinyLlama/TinyLlama-1.1B-Chat-v1.0,0.5,0.5,0.5,0.5,0.7071067811865476,10
pubmedqa,TinyLlama/TinyLlama-1.1B-Chat-v1.0/baseline,0.35,0.35,0.35,0.35,0.806225774829855,20
pubmedqa,microsoft/BioGPT-Large/baseline,0.15,0.15,0.15,0.15,0.9219544457292888,20
