dataset,model,accuracy,precision,recall,f1,rmse,count
medqa,microsoft/BioGPT-Large/baseline,0.25,0.04680735930735931,0.12083333333333332,0.0661111111111111,0.950480710086698,20
medqa,TinyLlama/TinyLlama-1.1B-Chat-v1.0/baseline,0.1,0.01267027417027417,0.09911616161616162,0.02015589156873112,0.9804882993101608,20
medqa,TinyLlama/TinyLlama-1.1B-Chat-v1.0,0.0,0.021201699535032866,0.08686868686868687,0.029225407420095596,0.9729570936751679,20
medqa,microsoft/BioGPT-Large,0.0,0.037209595959595956,0.20297619047619048,0.05842185592185593,0.9470526885153158,20
pubmedqa,microsoft/BioGPT-Large,0.6,0.6,0.6,0.6,0.6324555320336759,20
pubmedqa,TinyLlama/TinyLlama-1.1B-Chat-v1.0,0.6,0.6,0.6,0.6,0.6324555320336759,20
pubmedqa,TinyLlama/TinyLlama-1.1B-Chat-v1.0/baseline,0.35,0.35,0.35,0.35,0.806225774829855,20
pubmedqa,microsoft/BioGPT-Large/baseline,0.15,0.15,0.15,0.15,0.9219544457292888,20
